<?xml version="1.0"?>
<Runs Version="1" Minor="0">
	<Run Id="ps_lwip_processing_system7_0_0_synth_1" LaunchDir="E:/Vivado_Space/vivado_workspace/pynq/pynq.runs/ps_lwip_processing_system7_0_0_synth_1" FlowId="Vivado_Synthesis" FromStepId="vivado" ToStepId="vivado"/>
	<Run Id="synth_1" LaunchDir="E:/Vivado_Space/vivado_workspace/pynq/pynq.runs/synth_1" FlowId="Vivado_Synthesis" FromStepId="vivado" ToStepId="vivado">
		<Parent Id="ps_lwip_processing_system7_0_0_synth_1"/>
	</Run>
	<Run Id="impl_1" LaunchDir="E:/Vivado_Space/vivado_workspace/pynq/pynq.runs/impl_1" FlowId="Vivado_Implementation" FromStepId="init_design" ToStepId="write_bitstream">
		<Parent Id="synth_1"/>
		<Parent Id="ps_lwip_processing_system7_0_0_synth_1"/>
	</Run>
	<Parameters>
		<Parameter Name="runs.monitorLSFJobs" Val="true" Type="bool"/>
	</Parameters>
</Runs>

