<?xml version="1.0" encoding="UTF-8"?>
<!-- Product Version: Vivado v2018.3 (64-bit)                     -->
<!--                                                              -->
<!-- Copyright 1986-2018 Xilinx, Inc. All Rights Reserved.        -->

<hwsession version="1" minor="2">
  <device name="xc7z020_1" gui_info=""/>
  <ObjectList object_type="hw_cfgmem" gui_info="">
    <Object name="" gui_info="">
      <Properties Property="PROGRAM.ADDRESS_RANGE" value="use_file"/>
      <Properties Property="PROGRAM.BIN_OFFSET" value="0"/>
      <Properties Property="PROGRAM.BLANK_CHECK" value="0"/>
      <Properties Property="PROGRAM.CFG_PROGRAM" value="1"/>
      <Properties Property="PROGRAM.CHECKSUM" value="0"/>
      <Properties Property="PROGRAM.ERASE" value="1"/>
      <Properties Property="PROGRAM.FILES" value="$_project_name_.sdk/$_project_name_/bootimage/BOOT.bin"/>
      <Properties Property="PROGRAM.VERIFY" value="1"/>
      <Properties Property="PROGRAM.ZYNQ_FSBL" value="D:/ZYNQ_Mizar/SDK_Demo/10_ps_lwip/ps_lwip/ps_lwip.sdk/fsbl/Debug/fsbl.elf"/>
    </Object>
  </ObjectList>
  <ObjectList object_type="hw_device" gui_info="">
    <Object name="xc7z020_1" gui_info="">
      <Properties Property="PROGRAM.HW_BITSTREAM" value=""/>
      <Properties Property="PROGRAM.HW_CFGMEM_PART" value="w25q128fv-qspi-x4-single"/>
    </Object>
  </ObjectList>
  <probeset name="hw project" active="false"/>
</hwsession>
