<?xml version="1.0" encoding="UTF-8"?>
<GenRun Id="synth_1" LaunchPart="xc7z010clg400-1" LaunchTime="1634388868">
  <File Type="PA-TCL" Name="ps_lwip_wrapper.tcl"/>
  <File Type="RDS-PROPCONSTRS" Name="ps_lwip_wrapper_drc_synth.rpt"/>
  <File Type="REPORTS-TCL" Name="ps_lwip_wrapper_reports.tcl"/>
  <File Type="RDS-RDS" Name="ps_lwip_wrapper.vds"/>
  <File Type="RDS-UTIL" Name="ps_lwip_wrapper_utilization_synth.rpt"/>
  <File Type="RDS-UTIL-PB" Name="ps_lwip_wrapper_utilization_synth.pb"/>
  <File Type="RDS-DCP" Name="ps_lwip_wrapper.dcp"/>
  <File Type="VDS-TIMINGSUMMARY" Name="ps_lwip_wrapper_timing_summary_synth.rpt"/>
  <File Type="VDS-TIMING-PB" Name="ps_lwip_wrapper_timing_summary_synth.pb"/>
  <FileSet Name="sources" Type="DesignSrcs" RelSrcDir="$PSRCDIR/sources_1">
    <Filter Type="Srcs"/>
    <File Path="$PSRCDIR/sources_1/bd/ps_lwip/ps_lwip.bd">
      <FileInfo>
        <Attr Name="ImportPath" Val="D:/BaiduNetdiskDownload/Z7-Lite_Z7010_2018.3/03_SDK_Demo/03_SDK_Demo/10_ps_lwip/os_lwip/os_lwip.srcs/sources_1/bd/ps_lwip/ps_lwip.bd"/>
        <Attr Name="ImportTime" Val="1578280760"/>
        <Attr Name="UsedIn" Val="synthesis"/>
        <Attr Name="UsedIn" Val="implementation"/>
        <Attr Name="UsedIn" Val="simulation"/>
      </FileInfo>
    </File>
    <File Path="$PSRCDIR/sources_1/bd/ps_lwip/hdl/ps_lwip_wrapper.v">
      <FileInfo>
        <Attr Name="ImportPath" Val="D:/BaiduNetdiskDownload/Z7-Lite_Z7010_2018.3/03_SDK_Demo/03_SDK_Demo/10_ps_lwip/os_lwip/os_lwip.srcs/sources_1/bd/ps_lwip/hdl/ps_lwip_wrapper.v"/>
        <Attr Name="ImportTime" Val="1578280760"/>
        <Attr Name="UsedIn" Val="synthesis"/>
        <Attr Name="UsedIn" Val="implementation"/>
        <Attr Name="UsedIn" Val="simulation"/>
      </FileInfo>
    </File>
    <Config>
      <Option Name="DesignMode" Val="RTL"/>
      <Option Name="TopModule" Val="ps_lwip_wrapper"/>
      <Option Name="TopAutoSet" Val="TRUE"/>
    </Config>
  </FileSet>
  <FileSet Name="constrs_in" Type="Constrs" RelSrcDir="$PSRCDIR/constrs_1">
    <Filter Type="Constrs"/>
    <File Path="$PSRCDIR/constrs_1/new/ps_lwip.xdc">
      <FileInfo>
        <Attr Name="ImportPath" Val="D:/BaiduNetdiskDownload/Z7-Lite_Z7010_2018.3/03_SDK_Demo/03_SDK_Demo/10_ps_lwip/ps_lwip/ps_lwip.srcs/constrs_1/new/ps_lwip.xdc"/>
        <Attr Name="ImportTime" Val="1593330378"/>
        <Attr Name="UsedIn" Val="synthesis"/>
        <Attr Name="UsedIn" Val="implementation"/>
      </FileInfo>
    </File>
    <Config>
      <Option Name="TargetConstrsFile" Val="$PSRCDIR/constrs_1/new/ps_lwip.xdc"/>
      <Option Name="ConstrsType" Val="XDC"/>
    </Config>
  </FileSet>
  <FileSet Name="utils" Type="Utils" RelSrcDir="$PSRCDIR/utils_1">
    <Filter Type="Utils"/>
    <Config>
      <Option Name="TopAutoSet" Val="TRUE"/>
    </Config>
  </FileSet>
  <Strategy Version="1" Minor="2">
    <StratHandle Name="Vivado Synthesis Defaults" Flow="Vivado Synthesis 2018"/>
    <Step Id="synth_design"/>
  </Strategy>
</GenRun>
